FSREQLAT, 2, 	"search(root/qghwgvq, dxrggke)"
FSREQLAT, 1, 	"readdir(root/qghwgvq)"
FSREQLAT, 2, 	"search(root/qghwgvq, dxrggke)"
FSREQLAT, 1, 	"mkdir(nrg, root/qghwgvq, 33)"
FSREQLAT, 1, 	"readdir(root/qghwgvq)"
FSREQLAT, 1, 	"readdir(root/qghwgvq)"
FSREQLAT, 1, 	"mkdir(ihx, root/qghwgvq, 16)"
FSREQLAT, 1, 	"open(root/dxrggke,42)"
FSREQLAT, 1, 	"open(root/dxrggke,54)"
FSREQLAT, 1, 	"open(root/dxrggke,231)"
FSREQLAT, 1, 	"access(root/dxrggke, 36)"
FSREQLAT, 1, 	"mkdir(dfqxe, root/qghwgvq, 78)"
FSREQLAT, 2, 	"readdir(root/qghwgvq)"
FSREQLAT, 1, 	"access(root/dxrggke, 6)"
FSREQLAT, 1, 	"search(root/qghwgvq, pzafgh)"
FSREQLAT, 1, 	"readdir(root/qghwgvq)"
FSREQLAT, 1, 	"readdir(root/qghwgvq)"
FSREQLAT, 1, 	"readdir(root/qghwgvq)"
FSREQLAT, 1, 	"mkdir(qqb, root/qghwgvq, 46)"
FSREQLAT, 4, 	"search(root/qghwgvq, wjtwpy)"
FSREQLAT, 3203, 	"mkdir(mublrdwsbwb, root/qghwgvq, 74)"
FSREQLAT, 1, 	"readdir(root/qghwgvq)"
FSREQLAT, 2, 	"search(root/qghwgvq, w)"
FSREQLAT, 2, 	"mkdir(ccjp, root/qghwgvq, 46)"
FSREQLAT, 1, 	"open(root/dxrggke,218)"
FSREQLAT, 2, 	"search(root/qghwgvq, dxrggke)"
FSREQLAT, 2, 	"mkdir(sxons, root/qghwgvq, 107)"
FSREQLAT, 1, 	"readdir(root/qghwgvq)"
FSREQLAT, 2, 	"open(root/dxrggke,45)"
FSREQLAT, 2, 	"search(root/qghwgvq, csdbklwmu)"
FSREQLAT, 2, 	"search(root/qghwgvq, avzcxuaekun)"
FSREQLAT, 2, 	"search(root/qghwgvq, dxrggke)"
FSREQLAT, 2, 	"open(root/dxrggke,190)"
FSREQLAT, 1, 	"readdir(root/qghwgvq)"
FSREQLAT, 2, 	"open(root/dxrggke,155)"
FSREQLAT, 1, 	"readdir(root/qghwgvq)"
FSREQLAT, 1, 	"open(root/dxrggke,121)"
FSREQLAT, 1, 	"readdir(root/qghwgvq)"
FSREQLAT, 1, 	"access(root/dxrggke, 169)"
FSREQLAT, 3, 	"rmdir(root/qghwgvq)"
FSREQLAT, 1, 	"search(root/qghwgvq, urxufydpz)"
FSREQLAT, 2, 	"search(root/qghwgvq, bglxh)"
FSREQLAT, 1, 	"access(root/dxrggke, 80)"
FSREQLAT, 1, 	"open(root/dxrggke,61)"
FSREQLAT, 1, 	"rmdir(root/qghwgvq)"
FSREQLAT, 1, 	"mkdir(dvxklkowpvc, root/qghwgvq, 172)"
FSREQLAT, 1, 	"search(root/qghwgvq, dxrggke)"
FSREQLAT, 1, 	"readdir(root/qghwgvq)"
FSREQLAT, 1, 	"open(root/dxrggke,75)"
